Name,Slug,Collection ID,Item ID,Archived,Draft,Created On,Updated On,Published On,Headline,Excerpt,Content,Call To Action,Meta Title,Meta Description,Featured Image,Content 2,Image 2,CTA Link 2,CTA Text 2,Content 3,Image 3,CTA Link 3,CTA Text 3,Content 4,Image 4,CTA Link 4,CTA Text 4,Case Studies,Articles,Featured Testimonial
Ecommerce,ecommerce,65c582990a5cea88721bd13d,65c582990a5cea88721bd271,false,false,Tue Feb 14 2023 18:05:32 GMT+0000 (Coordinated Universal Time),Mon Jun 26 2023 15:12:10 GMT+0000 (Coordinated Universal Time),Tue May 13 2025 13:18:25 GMT+0000 (Coordinated Universal Time),Powerful web design for thriving e-commerce,"<p id="""">For two decades, we've been at the forefront of designing and building cutting-edge e-commerce websites that drive growth.</p>","<p id="""">Our agency has a rich history of designing and developing powerful ecommerce websites. We understand the unique set of challenges this industry presents - from customer experience to conversion optimization, from inventory management to secure payments. But with our two decades of experience, we're well-equipped to tackle these challenges head-on.</p><p id="""">We build ecommerce websites that prioritize the user experience. We design easy-to-use interfaces with intuitive navigation, ensuring that customers can find what they're looking for quickly. We also implement features like advanced search, product filters, and wish lists to enhance the shopping experience.</p><p id="""">On the development side, we ensure your website is robust and secure. We integrate with reliable payment gateways, provide secure checkout processes, and make sure your website is PCI compliant. Plus, we optimize your site for speed, because we understand that even a second's delay can impact conversions.</p><p id="""">But we don't stop at design and development. We also implement effective SEO strategies to help your ecommerce site rank high in search results and reach a wider audience. We provide analytics tools that help you track your site's performance and make data-driven decisions.</p><p id="""">Choose us as your ecommerce web design agency, and get a website that not only looks great, but also drives sales and helps your business grow.</p>","<p id="""">Ready to drive more sales and elevate your online retail business? Let our team assist you with top-tier web design, strategy, SEO, SEM, PPC, custom software, and web development services. Reach out to us to set your e-commerce platform apart.</p>",Ecommerce Web Design and Development | Magnet,Elevate your online store with our 20 years of e-commerce web design and development experience. Let's create a winning site together!,https://uploads-ssl.webflow.com/6392268cd1a3bc5df594bfa5/6483c3eedbce6ce5602cef4c_carlos-muza-hpjSkU2UYSU-unsplash%20(1).jpg,,,,,,,,,,,,,,,
Education Technology,education-technology,65c582990a5cea88721bd13d,65c582990a5cea88721bd270,false,false,Tue Feb 14 2023 17:18:11 GMT+0000 (Coordinated Universal Time),Mon Jun 26 2023 15:11:02 GMT+0000 (Coordinated Universal Time),Tue May 13 2025 13:18:25 GMT+0000 (Coordinated Universal Time),Innovative web solutions for education technology,"<p id="""">Over the past 20 years, we've been at the forefront of designing and building dynamic websites and applications for the education technology industry.</p>","<p id="""">With the rise of digital learning, education technology companies need a strong online presence more than ever. We've been at the forefront of web design and development in this dynamic sector for the past 20 years.</p><p id="""">We understand that ed-tech is all about enhancing learning and teaching experiences. Our designs are focused on simplicity and user-friendliness, ensuring both educators and learners can navigate your platform with ease. We ensure that our designs effectively showcase your products or services, and explain how they can transform the educational experience.</p><p id="""">We're also aware of the challenges in reaching diverse audiences, including students, parents, educators, and institutions. Our designs incorporate elements that speak to each of these audiences, ensuring your website resonates with all potential users.</p><p id="""">Knowing that technology and educational standards evolve rapidly, we build websites that can adapt and grow. We ensure your site remains up-to-date and relevant with a design that's flexible and easy to update.</p><p id="""">When you choose us for your web design needs, you're partnering with an agency that understands the unique demands and opportunities within the ed-tech industry. Our goal is to help you create a lasting impact in the world of education.</p>","<p id="""">Ready to transform your edtech platform into a digital learning powerhouse? Let's connect! We offer comprehensive web design, strategy, SEO, SEM, PPC, custom software, and web development services for the education technology industry.</p>",Education Technology Web Design and Development | Magnet,Shape the future of learning with our 20 years of experience in web design and development for education technology. Let's connect!,https://uploads-ssl.webflow.com/6392268cd1a3bc5df594bfa5/6483c3cc3bdb661f62f571dd_andy-quezada-3k0uQaN_Kqg-unsplash%20(2).jpg,,,,,,,,,,,,,,,
Entertainment,entertainment,65c582990a5cea88721bd13d,65c582990a5cea88721bd274,false,false,Sun May 07 2023 17:26:55 GMT+0000 (Coordinated Universal Time),Mon Sep 04 2023 17:47:49 GMT+0000 (Coordinated Universal Time),Tue May 13 2025 13:18:25 GMT+0000 (Coordinated Universal Time),Spectacular web design for the entertainment world,"<p id="""">For the last 20 years, our agency has built standout websites for clients within the entertainment industry. We understand the unique dynamics and the captivating thrill that drive this vibrant sector.</p>","<p id="""">For over two decades, our web design agency has been immersed in the world of entertainment, crafting standout online experiences that captivate audiences. Our deep industry knowledge, combined with top-notch design and development expertise, makes us the go-to agency for all your entertainment web design needs.</p><p id="""">Designing for the entertainment industry is unlike any other - it demands creativity, innovation, and an understanding of what makes an audience tick. We recognize that each entertainment client brings a unique set of challenges and opportunities. Whether it's promoting a blockbuster movie, a groundbreaking television series, or a new music album, we have the tools and the talent to deliver web experiences that resonate.</p><p id="""">We create visually striking websites that highlight your unique value proposition, ensuring a perfect blend of entertainment and information. We use engaging multimedia, like videos and music players, to capture your audience's attention, while keeping the user experience smooth and enjoyable.</p><p id="""">In the fast-paced world of entertainment, your digital presence needs to stay ahead of the curve. We ensure your website can keep up, with mobile-responsive design, intuitive navigation, and fast loading times. We also consider SEO strategies and social media integration, so your content can be easily discovered and shared.</p><p id="""">The choice is clear - when it comes to entertainment web design and development, our agency is the industry's best bet. We understand your challenges, we embrace your uniqueness, and we have the expertise to create a website that puts you center stage.</p>","<p id="""">Ready to take your online presence to the next level? Our tailored web design, strategy, SEO, SEM, PPC, custom software, and web development services are here to help you shine in the spotlight. Reach out to us and let's create something amazing together.</p>",Entertainment Web Design and Development | Magnet,"For 20 years, we've been crafting immersive websites for the entertainment industry. Let's create something together!",https://uploads-ssl.webflow.com/6392268cd1a3bc5df594bfa5/6483c3fea3dcf2053b9a4d44_getty-images-tgrWG0onMy4-unsplash%20(1).jpg,,,,,,,,,,,,,,,
Healthcare,healthcare,65c582990a5cea88721bd13d,65c582990a5cea88721bd275,false,false,Tue Feb 14 2023 17:18:17 GMT+0000 (Coordinated Universal Time),Mon Jun 26 2023 15:09:31 GMT+0000 (Coordinated Universal Time),Tue May 13 2025 13:18:25 GMT+0000 (Coordinated Universal Time),Revolutionary web design for modern healthcare,"<p id="""">For the last 20 years, we have been honing our craft in web design and development specifically for the healthcare industry, creating solutions that are efficient, secure, and user-friendly.</p>","<p id="""">In an industry as crucial and sensitive as healthcare, having a clear, user-friendly, and informative website is non-negotiable. For the last 20 years, our team has been creating web solutions for the healthcare sector that not only meet these criteria but also address its specific challenges.</p><p id="""">Understanding the need for privacy and trust, we prioritize secure and HIPAA-compliant web design, ensuring patient information is handled with utmost care. Additionally, we recognize the importance of making healthcare information accessible. As such, our designs feature clear, easy-to-understand navigation, along with ADA-compliant functionalities to cater to all users.</p><p id="""">We also know that the healthcare sector encompasses a broad range of services. Whether you're a hospital network, a private practice, a telehealth provider, or a medical technology firm, we tailor our designs to suit your specific needs and audience.</p><p id="""">Furthermore, we integrate patient portals, appointment scheduling systems, and other custom features to improve the user experience and streamline your operations.</p><p id="""">Choosing us as your web design agency means entrusting your online presence to a team that knows the healthcare industry inside and out. We aim to create websites that build trust, provide valuable information, and deliver seamless user experiences.</p>","<p id="""">Want to give your healthcare institution's online presence a shot in the arm? Contact us for bespoke web design, strategy, SEO, SEM, PPC, custom software, and web development services tailored for the healthcare industry.</p>",Healthcare Web Design and Development | Magnet,Upgrade your healthcare website with our 20 years of web design and development expertise. Let's get to know one another!,https://uploads-ssl.webflow.com/6392268cd1a3bc5df594bfa5/6483c3d635c44b2244ee341c_aakash-dhage-8Qkisox9PVI-unsplash%20(1).jpg,,,,,,,,,,,,,,,
Law Firms,law-firms,65c582990a5cea88721bd13d,65df854a9ca1b8d564517d14,false,false,Wed Feb 28 2024 19:11:06 GMT+0000 (Coordinated Universal Time),Mon May 05 2025 16:36:13 GMT+0000 (Coordinated Universal Time),Tue May 13 2025 13:18:25 GMT+0000 (Coordinated Universal Time),Quality law firm website design & digital marketing services by Magnet,"<p id="""">When it comes to the legal sector, your firm’s website is your new front door, your billboard, and your first handshake with potential clients.</p>","<p id="""">When it comes to the legal sector, your firm’s website is your new front door, your billboard, and your first handshake with potential clients.</p><p id="""">Quality website design and smart digital marketing for your law firm’s website is where first impressions are made and trust begins to take root.&nbsp;</p><p id="""">When it comes to a swipe or click determining your next big client, a solid digital plan for your law firm is no longer an option, it’s a must.</p><p id="""">At Magnet, we understand the unique challenges and opportunities that come with law firm website design and marketing. Our team of designers and digital marketing experts are fully dedicated to making your website resonate with gravitas and nuance, putting you on the forefront of the legal profession.</p>",<p>Ready to take your practice to the next level?</p>,Quality Law Firm Website Design & Digital Marketing | Magnet,"Expert digital solutions by Magnet - Elevating law firms with tailored web design, robust SEO, and strategic growth marketing for legal professionals. ",https://cdn.prod.website-files.com/6392268cd1a3bc5df594bfa5/65e8663dfa0d30c72ffcb4b1_641d058d9454865c17ed62a1_katz-sm.jpg,"<h2 id="""">The art of law firm website design</h2><p id="""">As a leading Cincinnati web design agency with extensive experience with our local law firms, we understand that a law firm’s website needs to do more than just look good with bold colors and sophisticated fonts. Every law firm has its unique story and style, and our design process involves a deep dive into your firm's ethos, practice areas, and client profiles. We aim to create a design that’s not just visually striking but also communicates your firm's unique identity and values.</p><h3 id="""">User experience tailored for legal clients</h3><p id="""">Your clients seek clarity and reliability. Our web design focuses on creating a user experience that is intuitive, informative, and reassuring. This means intuitive navigation, clear call-to-actions, and a layout that guides users through your site with ease and efficiency.</p><h3 id="""">Responsive and accessible design</h3><p id="""">Computers, phones, tablets, watches - your website needs to perform flawlessly across all devices. We prioritize responsive design to ensure your site is accessible and provides an optimal experience, no matter how your client is accessing your site.</p>",https://cdn.prod.website-files.com/6392268cd1a3bc5df594bfa5/65e87f1aea401c6a2a91a6a8_6411372ae6edb120a8245db6_katz4.jpg,,,,,,,,,,,,,
Manufacturing,manufacturing,65c582990a5cea88721bd13d,65dd10a668b59523fb2d42e5,false,false,Mon Feb 26 2024 22:28:54 GMT+0000 (Coordinated Universal Time),Tue Apr 29 2025 19:16:35 GMT+0000 (Coordinated Universal Time),Tue May 13 2025 13:18:25 GMT+0000 (Coordinated Universal Time),Empowering facilities with manufacturing website design,"<p id="""">Navigating the complexities of a manufacturing facility is a formidable task. At Magnet, we understand that harmonizing every cog in your industrial machinery is paramount. That's why we extend our expertise in bespoke web design and digital marketing, exclusively for the manufacturing sector.</p>","<h2 id="""">What sets manufacturing marketing apart?</h2><p id="""">Manufacturing marketing requires a fundamentally different approach than consumer or general B2B marketing. The extended sales cycles, complex technical considerations, and unique buying committee dynamics of industrial sectors demand specialized strategies tailored to engineering and procurement professionals.</p><p id="""">At <a href=""https://magnet.co"" id="""">Magnet</a>, we've developed manufacturing-specific methodologies that address the particular challenges industrial companies face. Our team combines technical knowledge with marketing expertise to bridge the gap between engineering innovation and customer communication—translating complex capabilities into compelling value propositions that resonate with technical buyers.</p><p id="""">This specialized approach delivers superior results compared to general marketing strategies that fail to account for the unique characteristics of industrial sales environments. By focusing exclusively on the dynamics of manufacturing and industrial markets, we create campaigns that generate qualified leads from the specific decision-makers who influence complex purchasing decisions.</p><h3 id="""">Unique challenges &amp; opportunities in the manufacturing sector</h3><p id="""">Manufacturing companies face distinct marketing challenges that require specialized approaches:</p><p id=""""><strong id="""">Extended Sales Cycles</strong></p><p id=""""><strong id="""">‍</strong>Industrial purchases typically involve 6-18 month decision processes with multiple stakeholders. Marketing strategies must nurture prospects through extended consideration phases while maintaining engagement across diverse buying committee members. Our manufacturing-focused content and nurture pathways maintain momentum throughout these extended cycles.</p><p id=""""><strong id="""">Technical Complexity</strong></p><p id=""""><strong id="""">‍</strong>Manufacturing products and services often involve sophisticated engineering concepts that marketing must accurately communicate. Oversimplification risks credibility with technical buyers, while excessive detail can overwhelm non-technical decision-makers. Our approach balances technical accuracy with clear value communication that resonates with diverse stakeholders.</p><p id=""""><strong id="""">Limited Prospect Pools</strong></p><p id=""""><strong id="""">‍</strong>Many manufacturers target narrowly defined customer segments with finite potential client bases. This limited audience requires precision targeting rather than broad awareness campaigns. Our industrial marketing strategies focus on depth of engagement with qualified prospects rather than misleading vanity metrics like general traffic volume.</p><p id=""""><strong id="""">Digital Transformation Gaps</strong></p><p id=""""><strong id="""">‍</strong>Manufacturing has traditionally lagged in digital marketing adoption, creating both challenges and opportunities. Companies that implement sophisticated digital strategies gain significant competitive advantage in sectors where competitors often maintain outdated marketing approaches. Our manufacturing clients regularly achieve dramatic market share gains through digital leadership.</p><p id=""""><strong id="""">Channel Relationship Complexity</strong></p><p id=""""><strong id="""">‍</strong>Many manufacturers balance direct sales with distributor and partner channels, creating marketing attribution and coordination challenges. Effective strategies must support both direct lead generation and channel enablement without creating channel conflict. Our manufacturing marketing programs incorporate channel considerations from the beginning.</p><p id="""">These challenges provide substantial opportunities for manufacturers who implement sophisticated marketing strategies. The relative marketing immaturity of many industrial sectors means well-executed campaigns often deliver exceptional returns compared to consumer or general B2B sectors where marketing sophistication has driven up acquisition costs.</p><h3 id="""">How B2B buyer psychology impacts strategy</h3><p id="""">Understanding the unique psychology of industrial buyers forms the foundation of effective manufacturing marketing. These technical decision-makers evaluate options differently than consumer or general business purchasers:</p><p id=""""><strong id="""">Risk Aversion Dominates Decisions</strong></p><p id=""""><strong id="""">‍</strong>Industrial buyers prioritize risk mitigation above all else—a failed implementation can damage both company operations and personal career prospects. Effective marketing must address perceived risks directly through social proof, technical validation, and implementation methodologies that reduce uncertainty. Our campaigns emphasize security and reliability alongside performance benefits.</p><p id=""""><strong id="""">Technical Credibility Establishes Trust</strong></p><p id=""""><strong id="""">‍</strong>Engineering and operations professionals quickly detect marketing content created without genuine technical understanding. Surface-level content damages credibility and eliminates consideration. Our team includes specialists with engineering backgrounds who ensure technical accuracy while maintaining marketing effectiveness.</p><p id=""""><strong id="""">Consensus-Based Decision Making</strong></p><p id=""""><strong id="""">‍</strong>Industrial purchases typically require agreement across diverse stakeholders with different priorities:</p><ul id=""""><li id="""">Engineering focuses on technical specifications and performance</li><li id="""">Operations prioritizes reliability and implementation requirements</li><li id="""">Finance emphasizes TCO and ROI considerations</li><li id="""">Executive leadership evaluates strategic alignment</li></ul><p id="""">Effective marketing must address all these perspectives simultaneously. Our multi-level content strategy provides relevant information for each stakeholder while maintaining consistent messaging across materials.</p><p id=""""><strong id="""">Information-Driven Evaluation</strong></p><p id=""""><strong id="""">‍</strong>Industrial buyers conduct extensive research before engaging with sales representatives. They expect comprehensive technical information, detailed specifications, and substantive content rather than promotional messaging. Our content development emphasizes informational depth with progressive disclosure that satisfies both initial research and detailed evaluation needs.</p><p id=""""><strong id="""">Long-Term Partnership Perspective</strong></p><p id=""""><strong id="""">‍</strong>Unlike transactional purchases, industrial buying decisions often initiate multi-year relationships with significant switching costs. Buyers evaluate potential suppliers as partners rather than vendors. Our marketing strategies emphasize relationship development alongside immediate capabilities, establishing foundations for enduring business relationships.</p><p id="""">These psychological factors require specialized marketing approaches that differ substantially from consumer or general business strategies. By addressing the specific mindset of technical buyers, we create campaigns that generate not just leads but qualified opportunities with genuine purchase intent.</p><h2 id="""">Our specialized manufacturing marketing services</h2><p id="""">Our comprehensive manufacturing marketing services address the complete industrial buyer journey from initial awareness through technical evaluation and purchase decision:</p><h3 id="""">Integrated digital strategy</h3><p id="""">Effective manufacturing marketing requires cohesive strategy across multiple channels and touchpoints. Our integrated approach ensures consistent messaging and coordinated engagement throughout the extended industrial buying process:</p><p id=""""><strong id="""">Industrial Buyer Journey Mapping</strong></p><ul id=""""><li id="""">Detailed mapping of decision processes for your specific products</li><li id="""">Stakeholder identification and persona development</li><li id="""">Content and touchpoint planning for each journey stage</li><li id="""">Channel selection based on buyer behavior patterns</li><li id="""">Attribution modeling for complex industrial sales cycles</li></ul><p id=""""><strong id="""">Technical SEO &amp; Digital Foundation</strong></p><ul id=""""><li id="""">Manufacturing-specific keyword research and competitive analysis</li><li id=""""><a href=""https://magnet.co/expertise/technical-seo"" id="""">Technical SEO</a> implementation for complex product catalogs</li><li id="""">Site architecture optimization for technical content</li><li id="""">Advanced schema implementation for industrial products</li><li id="""">Technical performance optimization for engineering users</li></ul><p id=""""><strong id="""">Multi-Channel Campaign Development</strong></p><ul id=""""><li id="""">Channel strategy aligned with industrial buyer behavior</li><li id="""">Campaign architecture for extended nurture requirements</li><li id="""">Messaging consistency across technical marketing materials</li><li id="""">Channel attribution for complex industrial buying committees</li><li id="""">Integration with CRM and marketing automation platforms</li></ul><p id="""">Our strategic framework ensures all tactical execution supports your specific business objectives while addressing the unique characteristics of your market segment and buyer behavior patterns.</p><h3 id="""">SEO &amp; lead generation for manufacturers</h3><p id=""""><a href=""https://magnet.co/solutions/growth-marketing/seo-services"" id="""">Search engine optimization</a> represents a particularly high-value channel for manufacturers due to the research-intensive nature of industrial purchasing. Our manufacturing-specific SEO and lead generation services include:</p><p id=""""><strong id="""">Technical Search Optimization</strong></p><ul id=""""><li id="""">Engineering-focused keyword research identifying specific technical terms</li><li id="""">Competitive analysis of industrial search landscapes</li><li id="""">Technical content optimization maintaining engineering accuracy</li><li id="""">Schema markup for manufacturing specifications and capabilities</li><li id="""">Technical crawl optimization for complex product data</li></ul><p id=""""><strong id="""">Industrial Content Development</strong></p><ul id=""""><li id="""">Technical white papers and application notes</li><li id="""">Engineering-focused blog content</li><li id="""">Case studies demonstrating implementation success</li><li id="""">Technical specification optimization</li><li id="""">Visual content development for complex products</li><li id="""">Video content for process and capability demonstration</li></ul><p id=""""><strong id="""">Manufacturing Lead Generation</strong></p><ul id=""""><li id="""">Technical content offers aligned with buyer journey stages</li><li id="""">Conversion optimization for industrial websites</li><li id="""">Multi-step nurture campaigns for extended consideration</li><li id="""">Technical webinar development and promotion</li><li id="""">Trade show integration with digital campaigns</li><li id="""">Marketing automation implementation and optimization</li></ul><p id=""""><strong id="""">Measurable Results Tracking</strong></p><ul id=""""><li id="""">Attribution modeling for complex industrial sales</li><li id="""">Multi-touch reporting across extended sales cycles</li><li id="""">Marketing-sales integration for opportunity tracking</li><li id="""">Revenue attribution for manufacturing marketing</li><li id="""">ROI calculation and performance optimization</li></ul><p id="""">Our manufacturing SEO and lead generation programs deliver qualified opportunities rather than just raw leads. By focusing on attracting and converting specifically qualified prospects, we generate higher-value engagements that translate directly to revenue.</p><h3 id="""">Website design &amp; industrial branding</h3><p id="""">Manufacturing websites serve fundamentally different purposes than consumer sites, requiring specialized design approaches that balance technical depth with user experience:</p><p id=""""><strong id="""">Technical Website Development</strong></p><ul id=""""><li id="""">Information architecture for complex product catalogs</li><li id="""">Technical specification presentation optimization</li><li id="""">CAD/model integration and management</li><li id="""">Parametric search functionality for product selection</li><li id="""">Mobile optimization for field engineers and site visits</li><li id="""">Technical document management and delivery</li></ul><p id=""""><strong id="""">Industrial UX Design</strong></p><ul id=""""><li id="""">User experience design for technical buyers</li><li id="""">Interface development for specification-driven selection</li><li id="""">Navigation optimization for complex product relationships</li><li id="""">Conversion path design for technical evaluation processes</li><li id="""">Visual hierarchy development for technical information</li><li id="""">Interactive tools for product configuration and selection</li></ul><p id=""""><strong id="""">Manufacturing Brand Development</strong></p><ul id=""""><li id="""">Industrial brand positioning and differentiation</li><li id="""">Visual identity systems for technical environments</li><li id="""">Messaging platforms for complex capabilities</li><li id="""">Brand architecture for diverse product lines</li><li id="""">Value proposition development for technical audiences</li><li id="""">Brand guideline development and implementation</li></ul><p id="""">Our manufacturing website and branding work emphasizes functional effectiveness alongside visual design. By creating digital experiences specifically optimized for technical buyers, we develop websites that serve as active sales tools rather than passive brochures.</p><h3 id="""">Content marketing &amp; thought leadership</h3><p id="""">Content forms the foundation of effective manufacturing marketing, establishing technical credibility while educating prospects throughout extended consideration processes:</p><p id=""""><strong id="""">Technical Content Strategy</strong></p><ul id=""""><li id="""">Comprehensive content planning across buying stages</li><li id="""">Subject matter expert coordination and interviewing</li><li id="""">Technical accuracy review processes</li><li id="""">Content distribution strategy for industrial audiences</li><li id="""">Thought leadership positioning in vertical markets</li></ul><p id=""""><strong id="""">Industrial Content Creation</strong></p><ul id=""""><li id="""">Technical white paper development</li><li id="""">Engineering-focused blog content</li><li id="""">Application notes and technical bulletins</li><li id="""">Case study development and distribution</li><li id="""">Video content for process demonstration</li><li id="""">Webinar development and execution</li><li id="""">Technical specification sheets and comparison tools</li></ul><p id=""""><strong id="""">Content Performance Optimization</strong></p><ul id=""""><li id="""">Engagement analytics and performance tracking</li><li id="""">Content refinement based on user behavior</li><li id="""">A/B testing for technical content approaches</li><li id="""">Conversion optimization for content offers</li><li id="""">Progressive profiling for lead qualification</li></ul><p id="""">Our content marketing programs emphasize substantial technical value rather than promotional messaging. By providing genuinely useful information that helps prospects evaluate options and solve problems, we establish credibility while generating qualified leads from engaged technical buyers.</p><h2 id="""">Ready to reach more buyers? Let's talk</h2><p id="""">Effective manufacturing marketing requires specialized expertise that aligns with your specific industrial context. Our team brings both technical understanding and marketing excellence to create campaigns that generate qualified leads while building sustainable competitive advantage.</p><p id="""">Whether you're struggling with lead quality, technical content development, or digital transformation challenges, our manufacturing-focused approach delivers measurable results through strategies specifically designed for industrial sales environments.</p><p id="""">Ready to discuss how specialized manufacturing marketing can transform your business development? <a href=""https://magnet.co/contact"" id="""">Contact our team</a> for a complimentary consultation. We'll explore your specific challenges, identify key opportunities, and outline potential approaches tailored to your manufacturing business.</p><p id="""">‍</p>","<p id="""">Are you ready to upgrade your facility’s digital presence? We’re ready when you are.</p>",Manufacturing Website Design & Digital Marketing | Magnet,Discover Magnet's top-tier website design and digital marketing for manufacturers. Learn more about how we can elevate your facility's digital presence.,,,,,,,,,,,,,,,,
Non Profits,non-profits,65c582990a5cea88721bd13d,65c582990a5cea88721bd273,false,false,Wed Mar 01 2023 19:26:30 GMT+0000 (Coordinated Universal Time),Wed Feb 14 2024 14:43:16 GMT+0000 (Coordinated Universal Time),Tue May 13 2025 13:18:25 GMT+0000 (Coordinated Universal Time),Charitable web solutions for philanthropic causes,"<p id="""">For 20 years, our agency has been working with philanthropic organizations to design and build impactful websites that inspire action.</p>","<p id="""">The digital era has profoundly impacted philanthropy, with online platforms becoming critical channels for fundraising, awareness, and engagement. For two decades, our web agency has been crafting websites for philanthropic organizations that inspire generosity and drive social impact.</p><p id="""">We recognize the diverse needs and challenges within the philanthropy sector. Whether you're a grant-making foundation, a community non-profit, or a corporate giving program, we design digital solutions that amplify your mission and elevate your online presence.</p><p id="""">One of the key challenges in philanthropy is communicating impact - donors and supporters want to see how their contributions are making a difference. To address this, we build sites that not only tell but show your impact through compelling visuals, storytelling, and data presentation.</p><p id="""">Fundraising is another major aspect of your digital strategy. We integrate secure and user-friendly donation systems into our designs, making it easy for supporters to contribute to your cause.</p><p id="""">Engaging diverse stakeholders, from beneficiaries to patrons, volunteers to partners, is another area where we excel. Our designs cater to various user needs and preferences, ensuring an inclusive and accessible digital experience.</p><p id="""">When you partner with us, you're choosing a web agency that's deeply familiar with the philanthropy sector. Our goal is to help you leverage the digital space to inspire change, engage supporters, and advance your mission.</p>","<p id="""">Want to inspire more action and drive your philanthropic mission further? Let our team help you with web design, strategy, SEO, SEM, PPC, and custom software services that will amplify your reach. Reach out to us today and let’s start making a difference together.</p>",Philanthropic Web Design and Development | Magnet,"We provide custom solutions that resonate with your cause, boosting your non-profit's online presence and engagement.",https://uploads-ssl.webflow.com/6392268cd1a3bc5df594bfa5/6483c3f6b16b04a7594732e1_doug-linstedt-jEEYZsaxbH4-unsplash%20(1).jpg,,,,,,,,,,,,,,,
Professional Services,professional-services,65c582990a5cea88721bd13d,65c582990a5cea88721bd26f,false,false,Tue Feb 14 2023 17:18:35 GMT+0000 (Coordinated Universal Time),Mon Jun 26 2023 15:10:03 GMT+0000 (Coordinated Universal Time),Tue May 13 2025 13:18:25 GMT+0000 (Coordinated Universal Time),Smart web solutions for professional services,"<p id="""">Having spent 20 years designing and building websites, we understand the unique needs of the professional services industry and create digital solutions that amplify your online presence.</p>","<p id="""">We understand the intricacies of professional services, and our two-decade experience has sharpened our ability to meet the unique needs of this sector with innovative web design and development solutions.</p><p id="""">Professional services firms often grapple with the challenge of differentiating themselves in a competitive market. That's where we come in. We use our design skills to highlight your unique value proposition, positioning you as a leader in your field. We make sure your website reflects your professionalism and expertise, building trust with your prospective clients.</p><p id="""">We know that in this industry, potential clients are often researching and comparing different firms. So, we create intuitive, information-rich websites that give your visitors all the answers they're looking for. This includes detailed service pages, testimonials, case studies, and industry-specific content.</p><p id="""">Moreover, we are aware of the compliance requirements and confidentiality standards in various professional fields. Therefore, we ensure your site is GDPR-compliant and follows best practices for data security.</p><p id="""">Choosing us as your web design agency means partnering with a team that understands your industry's challenges and knows how to overcome them. We'll design a website that not only looks impressive but also converts your visitors into clients.</p>","<p id="""">Looking to enhance your professional services firm's online presence? Let's collaborate! Reach out to us for outstanding web design, strategy, SEO, SEM, PPC, custom software, and web development services.</p>",Professional Services Web Design and Development | Magnet,Transform your professional services website with our 20 years of web design and development expertise. Let's get to know each other.,https://uploads-ssl.webflow.com/6392268cd1a3bc5df594bfa5/6483c3e6aa6428f191fdc591_getty-images-9KCTZUKykZc-unsplash%20(1).jpg,,,,,,,,,,,,,,,
Sports and Recreation,sports-and-recreation,65c582990a5cea88721bd13d,65c582990a5cea88721bd272,false,false,Tue Feb 14 2023 17:18:25 GMT+0000 (Coordinated Universal Time),Mon Jun 26 2023 15:11:28 GMT+0000 (Coordinated Universal Time),Tue May 13 2025 13:18:25 GMT+0000 (Coordinated Universal Time),Winning web design for sports and recreation,"<p id="""">For the past 20 years, we've been crafting dynamic websites for the sports and recreation industry, striking the perfect balance between form and function.</p>","<p id="""">Designing for the sports and recreation industry is a unique challenge, one that we have been tackling successfully for over twenty years. From promoting sports teams and athletes to advertising recreational facilities and events, we understand what it takes to engage and inspire your audience.</p><p id="""">In this industry, it's all about fostering a sense of community and excitement. We design websites that leverage the power of your brand's identity, creating a digital experience that captures the energy and passion of sports and recreation. We also use social media integration, fan forums, and interactive elements to foster a sense of community and keep your audience engaged.</p><p id="""">We know that the sports and recreation industry is fast-paced and ever-changing. So, we design websites that are easy to update, allowing you to share real-time updates, upcoming events, and recent results. Plus, with mobile-responsive design, your audience can stay connected with you, no matter where they are.</p><p id="""">When you choose us as your web design agency, you're choosing a team that understands your industry and knows how to create a web presence that captures the spirit of your brand.</p>","<p id="""">Ready to score a home run with your sports and recreation website? Contact us today for standout web design, strategy, SEO, SEM, PPC, custom software, and web development services.</p>",Sports and Recreation Web Design and Development | Magnet,Make your sports and recreation website a game-changer with our 20 years of web design and development experience. Let's talk!,https://uploads-ssl.webflow.com/6392268cd1a3bc5df594bfa5/6483c3dcacafd703032b9bd3_yunus-tug-BM1zWE5Z-wM-unsplash%20(1).jpg,,,,,,,,,,,,,,,
