Name,Slug,Collection ID,Item ID,Archived,Draft,Created On,Updated On,Published On,Featured,Position,Clients,Quote,QuoteText,Review,Avatar
Adam Hickey,adam-hickey,65c582990a5cea88721bd1d8,65c582990a5cea88721bd28a,false,false,Tue Feb 14 2023 17:51:11 GMT+0000 (Coordinated Universal Time),Thu Aug 14 2025 13:14:08 GMT+0000 (Coordinated Universal Time),Thu Aug 14 2025 13:15:55 GMT+0000 (Coordinated Universal Time),false,Owner,print-your-cause,"<p id="""">""Magnet helped us rebrand our business and delivered a beautiful website. Their design quality and knowledge of the most modern tech was first-class.""</p>","""Magnet helped us rebrand our business and delivered a beautiful website. Their design quality and knowledge of the most modern tech was first-class.""","<p id="""">BACKGROUND</p><p id=""""><strong id="""">Please describe your company and your position there.</strong></p><p id="""">I am a software engineer at a print decoration comany.</p><p id="""">OPPORTUNITY / CHALLENGE</p><p id=""""><strong id="""">For what projects/services did your company hire Magnet Co?</strong></p><p id="""">Our website was due for an upgrade in design, content, and tech stack. We hired them to rebrand our company and build a new website.</p><p id="""">SOLUTION</p><p id=""""><strong id="""">How did you select this vendor and what were the deciding factors?</strong></p><p id="""">We selected Magnet because their previous website designs were clean and looked great.</p><p id=""""><strong id="""">Describe the project in detail and walk through the stages of the project.</strong></p><p id="""">Initially there were discovery calls, followed by multiple meetings validating the new branding and design. Once everyone agreed on the proper design Magnet built the website and walked us through how to go live.</p><p id=""""><strong id="""">How many resources from the vendor's team worked with you, and what were their positions?</strong></p><p id="""">We worked mainly with 2 people</p><p id="""">RESULTS &amp; FEEDBACK</p><p id=""""><strong id="""">Can you share any outcomes from the project that demonstrate progress or success?</strong></p><p id="""">The tech stack chosen to build the site was excellent. The final design and implementation was great as well.</p><p id=""""><strong id="""">How effective was the workflow between your team and theirs?</strong></p><p id="""">The project manager was good about keeping everyone up-to-date with the current status and issues.</p><p id=""""><strong id="""">What did you find most impressive or unique about this company?</strong></p><p id="""">Their design quality and knowledge of the most modern tech was first-class.</p>",
Adam Trachtman,adam-trachtman,65c582990a5cea88721bd1d8,65c582990a5cea88721bd27f,false,false,Tue Feb 14 2023 17:55:56 GMT+0000 (Coordinated Universal Time),Wed May 10 2023 15:18:34 GMT+0000 (Coordinated Universal Time),Tue May 13 2025 13:18:25 GMT+0000 (Coordinated Universal Time),false,Owner,lucid-digital,"<p id="""">""Working with Magnet has always been both an exciting and educational experience, where vision, strategy and creativity always take priority. The Magnet team are of a highly professional standing, hard working and true domain experts. As good as it gets.""</p><p id="""">‍</p>","""Working with Magnet has always been both an exciting and educational experience, where vision, strategy and creativity always take priority. The Magnet team are of a highly professional standing, hard working and true domain experts. As good as it gets.""",,
Andrea Stevie,andrea-stevie,65c582990a5cea88721bd1d8,689ddd9c5578e4e34297cff1,false,true,Thu Aug 14 2025 12:59:08 GMT+0000 (Coordinated Universal Time),Thu Aug 14 2025 12:59:41 GMT+0000 (Coordinated Universal Time),Thu Aug 14 2025 12:59:41 GMT+0000 (Coordinated Universal Time),true,Marketing Director,directions-group,"<p id="""">""Magnet Co is the ideal web partner — proactive, SEO-focused, clear in communication, and realistic in planning. They deliver great value, adapt to changing needs, and consistently guide us toward the right choices.""</p>","""Magnet Co is the ideal web partner — proactive, SEO-focused, clear in communication, and realistic in planning. They deliver great value, adapt to changing needs, and consistently guide us toward the right choices.""","<p id="""">What makes Magnet stand out from other web design and development agencies?</p><p id="""">Vigilance. We didn’t have much experience in the area of web design and development and ‘don’t know what we don’t know.’ They have proven themselves to be the perfect partner to look out for us, and help us understand and make the right choices.</p><p id="""">SEO-driven &amp; conversion-based designs. Other agencies charge more for an SEO audit and strategy or have to pull in a special team. SEO should be a foundation of every website! We love that Magnet builds these things into their specs as a standard.</p><p id="""">Simple, straightforward communication. They take the time to listen and understand our needs and propose well-thought-out solutions. Throughout the project, they strike the perfect balance of diligently nudging us to keep things moving without being aggressive, pushy, or impatient.</p><p id="""">Clear process. Project milestones are outlined succinctly and with REALISTIC timing. They are clear about the split of responsibilities between us and them, so we always know what to expect.</p><p id="""">Great value. This comes back to them taking the time to understand our specs and needs. Their costs are just right -- within the range we budgeted for and anticipated.</p><p id="""">Partnership. We have been classic PITA clients, with shifting specs and moving timelines. They have been so flexible, supportive, consultative, and professional throughout the entire process. We couldn’t ask for better partners!</p>",
Andrew Shroll,andrew-shroll,65c582990a5cea88721bd1d8,65c582990a5cea88721bd287,false,false,Sat Feb 18 2023 13:14:16 GMT+0000 (Coordinated Universal Time),Wed May 24 2023 14:06:17 GMT+0000 (Coordinated Universal Time),Tue May 13 2025 13:18:25 GMT+0000 (Coordinated Universal Time),false,Director of Operations & Marketing,gotham-soccer,"<p id="""">""We were impressed by how well Magnet web agency took our very complex and unique service and made sense of it.""</p>","""We were impressed by how well Magnet web agency took our very complex and unique service and made sense of it.""","<p id=""""><br>BACKGROUND</p><p id=""""><strong id="""">Please describe your company and your position there.</strong></p><p id="""">Gotham Soccer League is national network of adult soccer leagues. We are a premium league with great media and management. My position as Director of Operations and Marketing is to oversee both our physical and digital operations and functions. This includes the website.</p><p id="""">OPPORTUNITY / CHALLENGE</p><p id=""""><strong id="""">For what projects/services did your company hire Magnet Co, LLC?</strong></p><p id="""">We hired Magnet to completely redesign our frontend and help make big improvements to our backend without scrapping it. This included but UX and UI overhauls.</p><p id=""""><strong id="""">What were your goals for this project?</strong></p><p id="""">To provide a website that our customers actually found useful and to make major improvements to our sales funnel via the website. It's our biggest and most important tool.</p><p id="""">SOLUTION</p><p id=""""><strong id="""">How did you select this vendor?</strong></p><p id="""">We sent out an email blast to our entire CRM and vetted each of the responses. In the end we had some really productive conversations with Magnet Co. both on the phone as well as in person and decided they were the best for the job. We certainly made the right decision!</p><p id=""""><strong id="""">Describe the project and the services they provided in detail.</strong></p><p id="""">Magnet Co. provided a multi-phase redesign of our frontend and backend. This included an extensive prototyping phase with lots of back and forth to ensure we got this right.</p><p id=""""><strong id="""">What was the team composition?</strong></p><p id="""">The project team had two project coordinators who helped through the entire prototyping phase. From there they reported back to their team of engineers to execute the following phases along with executing some of the work themselves. They were very willing to set up time for us to chat with the engineering team when needed and provided a transparent process.</p><p id="""">RESULTS &amp; FEEDBACK</p><p id=""""><strong id="""">Can you share any information that demonstrates the impact that this project has had on your business?</strong></p><p id="""">We are still putting on the finishing touches but this will have an immediate impact on our revenue stream once finished. We expect a much more streamlined service for our customers and we are very grateful for the new site!</p><p id=""""><strong id="""">How was project management arranged and how effective was it?</strong></p><p id="""">The project was broken up into phases and a rational and easy to follow process. We prototyped everything through figma which I found to be a nice tool for both the developer and myself. We had constant communication amongst teams and met in person several times to discuss the vision for the site.</p><p id=""""><strong id="""">What did you find most impressive about this company?</strong></p><p id="""">We were impressed by how well they took our very complex and unique service and made sense of it. That allowed us to make drastic changes to the UX and UI that were necessary.</p><p>‍</p>",https://uploads-ssl.webflow.com/6392268cd1a3bc5df594bfa5/641366ecc905e8299f7ab0b3_img-andrew-shroll.jpg
Barry Williams,barry-williams,65c582990a5cea88721bd1d8,672e2e8c760b5989373f7d66,false,false,Fri Nov 08 2024 15:30:20 GMT+0000 (Coordinated Universal Time),Sat Nov 29 2025 15:29:12 GMT+0000 (Coordinated Universal Time),Sat Nov 29 2025 16:06:09 GMT+0000 (Coordinated Universal Time),true,Media Manager,okeeffes,"<p id="""">""Finding a partner for a new website can feel daunting and like you're taking a leap of faith. I felt comfortable with the Magnet team from the very first conversation and my gut was paid off with a well run and implemented project. Highly recommend them for your future work.""</p>","""Finding a partner for a new website can feel daunting and like you're taking a leap of faith. I felt comfortable with the Magnet team from the very first conversation and my gut was paid off with a well run and implemented project. Highly recommend them for your future work.""","<p id="""">Finding a partner for a new website can feel daunting and like you're taking a leap of faith. I felt comfortable with the Magnet team from the very first conversation and my gut was paid off with a well run and implemented project. Highly recommend them for your future work.</p>",https://cdn.prod.website-files.com/6392268cd1a3bc5df594bfa5/672e2e86b194fa5046cfd88a_1517707498327.jpeg
Blayne Hodges,blayne-hodges,65c582990a5cea88721bd1d8,689ddd1f9e48cf9c7feb6e69,false,false,Thu Aug 14 2025 12:57:03 GMT+0000 (Coordinated Universal Time),Thu Aug 14 2025 13:10:55 GMT+0000 (Coordinated Universal Time),Thu Aug 14 2025 13:12:41 GMT+0000 (Coordinated Universal Time),true,Owner,bendu-academy,"<p id="""">""Magnet Co built us a stunning, fully integrated website that perfectly captured our vision — and then some. Gavin and his team are professional, communicative, and deeply skilled, continuing to support us well after launch. They’re the best in the business, and a joy to work with.""</p>","""Magnet Co built us a stunning, fully integrated website that perfectly captured our vision — and then some. Gavin and his team are professional, communicative, and deeply skilled, continuing to support us well after launch. They’re the best in the business, and a joy to work with.""",,
Brent Collins,brent-collins,65c582990a5cea88721bd1d8,689ddd482d28f74bd8fcf17b,false,false,Thu Aug 14 2025 12:57:44 GMT+0000 (Coordinated Universal Time),Thu Aug 14 2025 12:57:54 GMT+0000 (Coordinated Universal Time),Thu Aug 14 2025 13:09:23 GMT+0000 (Coordinated Universal Time),true,"Owner, CEO",commonwealth-inc,"<p>""We landed a major client just three days after launch. They mentioned the new website as a key factor—and that single lead already delivered a 200% ROI on the whole website project. Amazing work team Magnet.""</p>","""We landed a major client just three days after launch. They mentioned the new website as a key factor—and that single lead already delivered a 200% ROI on the whole website project. Amazing work team Magnet.""",,
Brian Auerbach,brian-auerbach,65c582990a5cea88721bd1d8,689dde3d9dc263a0e78f4b5d,false,true,Thu Aug 14 2025 13:01:49 GMT+0000 (Coordinated Universal Time),Thu Aug 14 2025 13:03:09 GMT+0000 (Coordinated Universal Time),,true,,betterpak,"<p>""Magnet Co has been an invaluable partner for our business. Their creativity, insight, and dedication have helped Better Pak Container grow and thrive over the years — we’re fortunate to have them on our side.""</p>","""Magnet Co has been an invaluable partner for our business. Their creativity, insight, and dedication have helped Better Pak Container grow and thrive over the years — we’re fortunate to have them on our side.""",,
Brian McHale,brian-mchale,65c582990a5cea88721bd1d8,65c582990a5cea88721bd2a5,false,false,Sat Feb 18 2023 13:07:21 GMT+0000 (Coordinated Universal Time),Thu Aug 14 2025 12:54:51 GMT+0000 (Coordinated Universal Time),Thu Aug 14 2025 13:09:23 GMT+0000 (Coordinated Universal Time),true,CEO,brandience,"<p id="""">""We hired the Magnet agency to refresh the design of the website and inject creativity into the digital presence of the brand. We love the site and feel like it represents our company well. All of the going-in goals were achieved.""</p>","""We hired the Magnet agency to refresh the design of the website and inject creativity into the digital presence of the brand. We love the site and feel like it represents our company well. All of the going-in goals were achieved.""","<p id="""">BACKGROUND</p><p id=""""><strong id="""">Please describe your company and your position there.</strong></p><p id="""">I'm the CEO of an ad agency that specializes in the retail, restaurant and franchise industries nationally.</p><p id="""">OPPORTUNITY / CHALLENGE</p><p id=""""><strong id="""">For what projects/services did your company hire Magnet Co, and what were your goals?</strong></p><p id="""">We hired Magnet to help us refresh our website which was a long overdue project. The goals revolved around having a simple site that reflected our brand and personality while also displaying our creativity.</p><p id="""">SOLUTION</p><p id=""""><strong id="""">How did you select this vendor and what were the deciding factors?</strong></p><p id="""">We had used Magnet in the past to help us with some client web work so we had a good working relationship with them already. Through the previous work we knew them to be a good partner in both collaboration and value.</p><p id=""""><strong id="""">Describe the scope of work in detail, including the project steps, key deliverables, and technologies used.</strong></p><p id="""">The scope of work and process were fairly standard for a web project. Their scope was well-defined which made it easy to agree to. They listened well to our goals so it was easy to stay on track and aligned throughout the process.</p><p id=""""><strong id="""">How many people from the vendor's team worked with you, and what were their positions?</strong></p><p id="""">We primarily worked with three people from Magnet: creative direction, SEO and project management. There were other team members behind the scenes that we interacted with as necessary.</p><p id="""">RESULTS &amp; FEEDBACK</p><p id=""""><strong id="""">Can you share any measurable outcomes of the project or general feedback about the deliverables?</strong></p><p id="""">We love the site and feel like it represents our company well. All of the going-in goals were achieved.</p><p id=""""><strong id="""">Describe their project management style, including communication tools and timeliness.</strong></p><p id="""">As the project progressed, we moved from weekly standing meetings to meeting on an as needed basis. The majority of the meetings were virtual with much of the communication happening within either the project management platform or email.</p><p id=""""><strong id="""">What did you find most impressive or unique about this company?</strong></p><p id="""">We worked with the owners of the business throughout the project. The team was consistent for the most part, which allowed us to stay on track in fulfilling the project vision.<br></p>",
Bryan Melendez,bryan-melendez,65c582990a5cea88721bd1d8,689ddf16fadfb4c9ff2b1110,false,false,Thu Aug 14 2025 13:05:26 GMT+0000 (Coordinated Universal Time),Thu Aug 14 2025 13:05:44 GMT+0000 (Coordinated Universal Time),Thu Aug 14 2025 13:09:23 GMT+0000 (Coordinated Universal Time),true,"Owner, CEO",the-grocery-runners,"<p id="""">""Working with Magnet was outstanding from start to finish. They quickly understood our challenges, took them completely off our plate, and delivered high-impact results across web, SEO, paid media, and more. Professional, creative, and effective — highly recommend!""</p>","""Working with Magnet was outstanding from start to finish. They quickly understood our challenges, took them completely off our plate, and delivered high-impact results across web, SEO, paid media, and more. Professional, creative, and effective — highly recommend!""",,
Carly Messmer,carly-messmer,65c582990a5cea88721bd1d8,65c582990a5cea88721bd277,false,false,Tue Feb 14 2023 17:48:41 GMT+0000 (Coordinated Universal Time),Thu Aug 14 2025 12:54:58 GMT+0000 (Coordinated Universal Time),Thu Aug 14 2025 13:09:23 GMT+0000 (Coordinated Universal Time),true,Marketing Director,print-your-cause,"<p id="""">""Magnet helped us modernize our website's design. As a web agency they have a great eye for a comprehensive and intentional design that reflects a brand's story. We love our new website!""</p>","""Magnet helped us modernize our website's design. As a web agency they have a great eye for a comprehensive and intentional design that reflects a brand's story. We love our new website!""",,
Chris Hensley,chris-hensley,65c582990a5cea88721bd1d8,689ddf43a85f10c339c9dc27,false,false,Thu Aug 14 2025 13:06:11 GMT+0000 (Coordinated Universal Time),Thu Aug 14 2025 13:07:01 GMT+0000 (Coordinated Universal Time),Thu Aug 14 2025 13:09:23 GMT+0000 (Coordinated Universal Time),true,Principal,bsi-engineering,"<p>""Gavin and his team did an amazing job with our site, they took the time to listen to our desires and worked tirelessly to bring them to life. We at BSI Engineering, couldn't be happier with the result. A true professional team at a great value!""</p>","""Gavin and his team did an amazing job with our site, they took the time to listen to our desires and worked tirelessly to bring them to life. We at BSI Engineering, couldn't be happier with the result. A true professional team at a great value!""",,
Corbin Watts,corbin-watts,65c582990a5cea88721bd1d8,65c582990a5cea88721bd27c,false,false,Tue Feb 14 2023 17:50:53 GMT+0000 (Coordinated Universal Time),Thu Aug 14 2025 12:55:04 GMT+0000 (Coordinated Universal Time),Thu Aug 14 2025 13:09:23 GMT+0000 (Coordinated Universal Time),true,Marketing Manager,luxottica,"<p id="""">""I really enjoyed working with Magnet. They helped us completely revamp our website for the better. They always respond in a timely fashion and go above and beyond to help.""</p>","""I really enjoyed working with Magnet. They helped us completely revamp our website for the better. They always respond in a timely fashion and go above and beyond to help.""",,
Courtney Miller,courtney-miller,65c582990a5cea88721bd1d8,689ddae742821c5d4224772e,false,false,Thu Aug 14 2025 12:47:35 GMT+0000 (Coordinated Universal Time),Thu Aug 14 2025 12:55:08 GMT+0000 (Coordinated Universal Time),Thu Aug 14 2025 13:09:23 GMT+0000 (Coordinated Universal Time),true,VP Space and Data Governance,pl-marketing,"<p id="""">""The whole Magnet team was so incredible to work with! They were all super friendly, collaborative, innovative, and creative. The team was engaged throughout the entire process and really listened to our objectives and made it come to life. We are so proud of our new website -- highly recommend, 10/10!""</p>","""The whole Magnet team was so incredible to work with! They were all super friendly, collaborative, innovative, and creative. The team was engaged throughout the entire process and really listened to our objectives and made it come to life. We are so proud of our new website -- highly recommend, 10/10!""",,
David Delbello,david-delbello,65c582990a5cea88721bd1d8,65c582990a5cea88721bd282,false,false,Tue Feb 14 2023 17:47:55 GMT+0000 (Coordinated Universal Time),Thu Aug 14 2025 12:55:13 GMT+0000 (Coordinated Universal Time),Thu Aug 14 2025 13:09:23 GMT+0000 (Coordinated Universal Time),true,Managing Director,florence-yalls,"<p id="""">""We had the pleasure of working with Magnet and have nothing but great things to say! They were able to take our ideas and bring them to life in a speedy manner and we absolutely love how the final product turned out. They are very responsive and extremely enjoyable to work with. We highly recommend to anyone considering their services!""</p>","""We had the pleasure of working with Magnet and have nothing but great things to say! They were able to take our ideas and bring them to life in a speedy manner and we absolutely love how the final product turned out. They are very responsive and extremely enjoyable to work with. We highly recommend to anyone considering their services!""",,
Emily Shephard,emily-shephard,65c582990a5cea88721bd1d8,689ddd77e2d27674da7dc656,false,false,Thu Aug 14 2025 12:58:31 GMT+0000 (Coordinated Universal Time),Thu Aug 14 2025 13:13:57 GMT+0000 (Coordinated Universal Time),Thu Aug 14 2025 13:15:55 GMT+0000 (Coordinated Universal Time),false,Creative Director,directions-group,"<p id="""">""Magnet Co transformed our website and brand with creativity, collaboration, and expertise. Gavin and his team brought our vision to life, elevating every detail. Highly recommend.""</p>","""Magnet Co transformed our website and brand with creativity, collaboration, and expertise. Gavin and his team brought our vision to life, elevating every detail. Highly recommend.""",,
Giles Dickerson,giles-dickerson,65c582990a5cea88721bd1d8,65c582990a5cea88721bd27b,false,false,Tue Feb 14 2023 17:56:20 GMT+0000 (Coordinated Universal Time),Wed May 10 2023 15:18:27 GMT+0000 (Coordinated Universal Time),Tue May 13 2025 13:18:25 GMT+0000 (Coordinated Universal Time),false,Creative Director,make-it-just,"<p id="""">""I’ve come to know Magnet as a top shelf development resource, and I call on them both for paying projects and also for professional mentorship and expert advice within the fields of web and interactive design.""</p>","""I’ve come to know Magnet as a top shelf development resource, and I call on them both for paying projects and also for professional mentorship and expert advice within the fields of web and interactive design.""",,
Gyneen Meyers,gyneen-meyers,65c582990a5cea88721bd1d8,65c582990a5cea88721bd288,false,false,Tue Feb 14 2023 17:57:25 GMT+0000 (Coordinated Universal Time),Thu Aug 14 2025 12:55:18 GMT+0000 (Coordinated Universal Time),Thu Aug 14 2025 13:09:23 GMT+0000 (Coordinated Universal Time),true,Marketing Director,directv,"<p id="""">""Magnet web design agency understands the needs and limitations of clients and agencies and deliver a very high quality product and service. Their efficiency and non-linear thinking continues to save our time and our clients’ money.""</p><p id="""">‍</p>","""Magnet web design agency understands the needs and limitations of clients and agencies and deliver a very high quality product and service. Their efficiency and non-linear thinking continues to save our time and our clients’ money.""",,
Jack Carlino,jack-carlino,65c582990a5cea88721bd1d8,65c582990a5cea88721bd2d4,false,false,Tue Feb 14 2023 17:51:37 GMT+0000 (Coordinated Universal Time),Thu Aug 14 2025 12:55:22 GMT+0000 (Coordinated Universal Time),Thu Aug 14 2025 13:09:23 GMT+0000 (Coordinated Universal Time),true,Owner,wanamakers,"<p id="""">""Magnet web design agency is an exceptional partner and asset to my co-founder and I's business. Our business is dependent on the technology behind it and Magnet has been there from the start to ensure our website and the operations related to it are seamless and effective. Working with Gavin, Sarah, and their team is enjoyable and rewarding with the results they are able to achieve.""</p>","""Magnet web design agency is an exceptional partner and asset to my co-founder and I's business. Our business is dependent on the technology behind it and Magnet has been there from the start to ensure our website and the operations related to it are seamless and effective. Working with Gavin, Sarah, and their team is enjoyable and rewarding with the results they are able to achieve.""",,https://cdn.prod.website-files.com/6392268cd1a3bc5df594bfa5/64136702af060b8e5c9603f7_img-jack-carlino-small.jpg
Joanna Dimmick,joanna-dimmick,65c582990a5cea88721bd1d8,689de03e160ebecf0ed94ae4,false,false,Thu Aug 14 2025 13:10:22 GMT+0000 (Coordinated Universal Time),Thu Aug 14 2025 13:10:40 GMT+0000 (Coordinated Universal Time),Thu Aug 14 2025 13:12:41 GMT+0000 (Coordinated Universal Time),true,Marketing Director,windward-bank,"<p>""Magnet moved with speed, clarity, and technical precision. Their team delivered a modern, secure bank website that exceeded our expectations—and they made the process feel effortless from start to finish.""</p>","""Magnet moved with speed, clarity, and technical precision. Their team delivered a modern, secure bank website that exceeded our expectations—and they made the process feel effortless from start to finish.""",,
Jonathan Silvio,jonathan-silvio,65c582990a5cea88721bd1d8,65c582990a5cea88721bd289,false,false,Tue Feb 14 2023 17:54:51 GMT+0000 (Coordinated Universal Time),Thu Aug 14 2025 12:55:26 GMT+0000 (Coordinated Universal Time),Thu Aug 14 2025 13:09:23 GMT+0000 (Coordinated Universal Time),true,Technical Director,explore-org,"<p id="""">""The engineers at Magnet provide outstanding design and development services to our non-profit foundation. Their contribution efficiently captures a range of web camera feeds of rare and exciting wildlife around the world in real time and streams it across our range of websites. We highly recommend their services.""</p>","""The engineers at Magnet provide outstanding design and development services to our non-profit foundation. Their contribution efficiently captures a range of web camera feeds of rare and exciting wildlife around the world in real time and streams it across our range of websites. We highly recommend their services.""",,
Kathryn Rawlinson,kathryn-rawlinson,65c582990a5cea88721bd1d8,689de071bab1d9ed4f7840df,false,false,Thu Aug 14 2025 13:11:13 GMT+0000 (Coordinated Universal Time),Thu Aug 14 2025 13:11:55 GMT+0000 (Coordinated Universal Time),Thu Aug 14 2025 13:12:41 GMT+0000 (Coordinated Universal Time),false,Marketing Director,butler-county-visitors-bureau,"<p>""Working with Magnet Co on a new website build was seamless from start to finish. The entire Magnet Co team is creative and efficient, and they made the process easy on our organization. I would happily work with Magnet again in the future.""</p>","""Working with Magnet Co on a new website build was seamless from start to finish. The entire Magnet Co team is creative and efficient, and they made the process easy on our organization. I would happily work with Magnet again in the future.""",,
Lauren Smith,lauren-smith,65c582990a5cea88721bd1d8,689de0ea99f700c9fb7f593f,false,false,Thu Aug 14 2025 13:13:14 GMT+0000 (Coordinated Universal Time),Thu Aug 14 2025 13:13:46 GMT+0000 (Coordinated Universal Time),Thu Aug 14 2025 13:15:55 GMT+0000 (Coordinated Universal Time),true,Owner,sustainable-travel-and-living,"<p>“Magnet stepped in to rescue our struggling ecommerce project, streamlining development, guiding key pivots, and delivering reliable technical solutions. Their clear planning and communication made all the difference.”</p>","“Magnet stepped in to rescue our struggling ecommerce project, streamlining development, guiding key pivots, and delivering reliable technical solutions. Their clear planning and communication made all the difference.”",,
Liza Hendriks,liza-hendriks,65c582990a5cea88721bd1d8,65c582990a5cea88721bd281,false,false,Tue Feb 14 2023 17:51:48 GMT+0000 (Coordinated Universal Time),Wed May 24 2023 14:08:30 GMT+0000 (Coordinated Universal Time),Tue May 13 2025 13:18:25 GMT+0000 (Coordinated Universal Time),false,Owner,wanamakers,"<p id="""">""The team at Magnet web design agency is incredible! My partner and I found them online after inquiring into multiple web developers. I’m so glad we decided to go with them. They’re extremely professional and dedicated to their jobs. I would highly recommend them to anyone.""</p><p id="""">‍</p>","""The team at Magnet web design agency is incredible! My partner and I found them online after inquiring into multiple web developers. I’m so glad we decided to go with them. They’re extremely professional and dedicated to their jobs. I would highly recommend them to anyone.""","<p id="""">BACKGROUND</p><p id=""""><strong id="""">Please describe your company and your position there.</strong></p><p id="""">I am the co-founder of an online auction house for Thoroughbreds in America.</p><p id="""">OPPORTUNITY / CHALLENGE</p><p id=""""><strong id="""">For what projects/services did your company hire Magnet Co?</strong></p><p id="""">Magnet is developing a website for us and building our auction platform.</p><p id=""""><strong id="""">What were your goals for this project?</strong></p><p id="""">The solution has to be extremely reliable because users will be bidding live monthly on an auction. The auction system also has to work seamlessly with our buyers and sellers.</p><p id="""">SOLUTION</p><p id=""""><strong id="""">How did you select this vendor?</strong></p><p id="""">We found them online. They were one of seven possible developers, but were by far the most professional, knowledgeable and passionate.</p><p id=""""><strong id="""">Describe the project and the services they provided in detail.</strong></p><p id="""">Our project is web based and dependent on the technology behind it. Magnet is creating an auction system for us, front &amp; backend web development, UX &amp; UI.</p><p id=""""><strong id="""">What was the team composition?</strong></p><p id="""">Gavin and Sarah are based in Cincinati. They also have four engineers who work remotely.</p><p id="""">RESULTS &amp; FEEDBACK</p><p id=""""><strong id="""">Can you share any information that demonstrates the impact that this project has had on your business?</strong></p><p id="""">Magnet has been there from the start to ensure our website and the operations related to it are seamless and effective. The business has not yet launched, but they have been instrumental in every step of the process. </p><p id=""""><strong id="""">How was project management arranged and how effective was it?</strong></p><p id="""">Magnet gave us a clear timeline from the begining, which they have stuck to and included us in every step. They have welcomed us to their office a few times which has been wonderful. This is an extreemely efficient team.</p><p id=""""><strong id="""">What did you find most impressive about this company?</strong></p><p id="""">They took a great interest in our idea from day one. Even though we are young entrepreneurs they have always taken us seriously and collaborated very well.</p><p>‍</p>",
Madison Bernhardt,madison-bernhardt,65c582990a5cea88721bd1d8,65c582990a5cea88721bd285,false,false,Sat Feb 18 2023 13:08:11 GMT+0000 (Coordinated Universal Time),Wed May 10 2023 15:17:27 GMT+0000 (Coordinated Universal Time),Tue May 13 2025 13:18:25 GMT+0000 (Coordinated Universal Time),false,Marketing Specialist,trublue-house-care,"<p id="""">""Their website design, development and hosting solutions are unique and they provide exceptional service and support to our franchise business.</p>","""Their website design, development and hosting solutions are unique and they provide exceptional service and support to our franchise business.","<p id="""">BACKGROUND</p><p id=""""><strong id="""">Introduce your business and what you do there.</strong></p><p id="""">Our organization is a handyman franchise company. I’m a marketing specialist, and I work for the corporate team to support all of our franchising and marketing efforts.</p><p id="""">OPPORTUNITY / CHALLENGE</p><p id=""""><strong id="""">What challenge were you trying to address with Magnet Co?</strong></p><p id="""">Our goal was to rank higher on Google, so we wanted to get off of WordPress and procure a faster website on a newer system.</p><p id="""">SOLUTION</p><p id=""""><strong id="""">What was the scope of their involvement?</strong></p><p id="""">Magnet Co developed our website from the ground up. We relied on their team to build out the backend and set up a buildable model that we can access if we want to add anything to the website ourselves. They used a combination of Netlify and Sanity.io for our hosting to replace WordPress, and they now help maintain and update the site whenever needed.</p><p id=""""><strong id="""">What is the team composition?</strong></p><p id="""">We work with a team of six people, but we mainly interface with one person. </p><p id=""""><strong id="""">How did you come to work with Magnet Co?</strong></p><p id="""">I wasn’t involved in the process of finding them, so I can’t be certain how we found them. </p><p id=""""><strong id="""">What is the status of this engagement?</strong></p><p id="""">We started working at the beginning of 2021, and our partnership is ongoing. </p><p id="""">RESULTS &amp; FEEDBACK</p><p id=""""><strong id="""">What evidence can you share that demonstrates the impact of the engagement?</strong></p><p id="""">Magnet Co has developed a faster website for us. Our new loading speed is fantastic, and it has allowed us to grow and easily add more pages every time we need to. </p><p id=""""><strong id="""">How did Magnet Co perform from a project management standpoint?</strong></p><p id="""">Our teams both have access to a management tool that helps keep us on track. We typically communicate through email, and they respond pretty quickly, usually within the first four hours of us sending them a message. We also talk over Zoom and phone calls.</p><p id=""""><strong id="""">What did you find most impressive about them?</strong></p><p id="""">Their website hosting solutions are unique. It’s also a plus that they’re local.</p><p id=""""><strong id="""">Do you have any advice for potential customers?</strong></p><p id="""">You should go for it. Magnet Co is a great website builder and developer.</p><p id="""">‍</p>",
Marisa Lytle,marisa-lytle,65c582990a5cea88721bd1d8,689dddd46db86f2e6f1ee577,false,false,Thu Aug 14 2025 13:00:04 GMT+0000 (Coordinated Universal Time),Thu Aug 14 2025 13:01:21 GMT+0000 (Coordinated Universal Time),Thu Aug 14 2025 13:09:23 GMT+0000 (Coordinated Universal Time),true,Digital Marketing Executive,allied-springbok,"<p>""Magnet has been a great performance marketing agency for us and as a small business we need our ad dollars to go as far as possible. They have worked with us to create campaigns that provide not only the ROAS we need for our spend but also help us top of funnel to bring more traffic to our website.""</p>","""Magnet has been a great performance marketing agency for us and as a small business we need our ad dollars to go as far as possible. They have worked with us to create campaigns that provide not only the ROAS we need for our spend but also help us top of funnel to bring more traffic to our website.""",,
Matthew Fisher,matthew-fisher,65c582990a5cea88721bd1d8,65c582990a5cea88721bd27e,false,false,Tue Feb 14 2023 17:52:04 GMT+0000 (Coordinated Universal Time),Thu Aug 14 2025 12:55:40 GMT+0000 (Coordinated Universal Time),Thu Aug 14 2025 13:09:23 GMT+0000 (Coordinated Universal Time),true,Associate Professor,ucla,"<p id="""">""Working with a bright, eager team, their passion for their work, and their passion for our work, was truly remarkable. Issues we thought that were intractable were solved with elegant and innovative design ideas. Integration with legacy systems proceeded much more smoothly than anyone anticipated. At every turn, their work was professional and exceptional.‍""</p>","""Working with a bright, eager team, their passion for their work, and their passion for our work, was truly remarkable. Issues we thought that were intractable were solved with elegant and innovative design ideas. Integration with legacy systems proceeded much more smoothly than anyone anticipated. At every turn, their work was professional and exceptional.‍""","<p id=""""><br>BACKGROUND</p><p id=""""><strong id="""">Please describe your company and your position there.</strong></p><p id="""">The English Department at UCLA carries out UCLA's mission of world-class teaching and research. I am an Associate Professor in the English Department.</p><p id="""">OPPORTUNITY / CHALLENGE</p><p id=""""><strong id="""">For what projects/services did your company hire Magnet Co?</strong></p><p id="""">We hired Magnet to design, develop, and implement an innovative annotation tool and content management system for use in classrooms across UCLA.</p><p id=""""><strong id="""">What were your goals for this project?</strong></p><p id="""">We had a detailed but partial vision for both the annotation tool and the back end. Magnet helped us clarify our expectations, while also vastly exceeding them.</p><p id="""">SOLUTION</p><p id=""""><strong id="""">How did you select this vendor?</strong></p><p id="""">The English Department put out a call for bids, and then interviewed a series of developers. Magnet's communication skills, and, frankly, their excitement to tackle the design and development challenges posed by the project stood out.</p><p id=""""><strong id="""">Describe the project and the services they provided in detail.</strong></p><p id="""">Magnet designed, developed, and launched a student-facing annotation tool, along with a custom instructor-facing content management backend that integrated with existing UCLA infrastructure, including shibboleth login, Box.com. Bug-testing and a variety of new features were also added.</p><p id=""""><strong id="""">What was the team composition?</strong></p><p id="""">The contact leads, Gavin and Sarah, were outstanding. Some communications with a particular developer were also key in solving issues as they arose.</p><p id="""">RESULTS &amp; FEEDBACK</p><p id=""""><strong id="""">Can you share any information that demonstrates the impact that this project has had on your business?</strong></p><p id="""">UCLA has ambitions to continue to develop the UC Annotate Tool. After adding additional features, we hope to encourage its use across other UC campuses. It has been used by thousands of undergraduate and graduate students across multiple departments.</p><p id=""""><strong id="""">How was project management arranged and how effective was it?</strong></p><p id="""">Outstanding, at every turn. Organized, clear in communications, honest when there were issues and responsive to our needs for timeliness.</p><p id=""""><strong id="""">What did you find most impressive about this company?</strong></p><p id="""">Working with a bright, eager team, their passion for their work, and their passion for _our_ work, was truly remarkable. Issues we thought that were intractable were solved with elegant and innovative design ideas. Integration with legacy systems proceeded much more smoothly than anyone anticipated. At every turn, their work was professional and exceptional.</p><p>‍</p>",https://cdn.prod.website-files.com/6392268cd1a3bc5df594bfa5/641366df5a9ec6611329809f_img-matthew-fisher-small.jpg
Micah Jayne,micah-jayne,65c582990a5cea88721bd1d8,65c582990a5cea88721bd290,false,true,Tue Feb 14 2023 17:58:11 GMT+0000 (Coordinated Universal Time),Thu Aug 14 2025 12:53:14 GMT+0000 (Coordinated Universal Time),Tue May 13 2025 13:18:25 GMT+0000 (Coordinated Universal Time),false,Director of Brand Strategy,vcu,"<p id="""">:Magnet’s work was comprehensive, quick and insightfully presented. Implementing their ideas led to an immediate and notable increase in traffic to our site.""</p>","""Magnet’s work was comprehensive, quick and insightfully presented. Implementing their ideas led to an immediate and notable increase in traffic to our site.""",,
Minja Zahirovic,minja-zahirovic,65c582990a5cea88721bd1d8,65c582990a5cea88721bd286,false,false,Sat Feb 18 2023 13:16:48 GMT+0000 (Coordinated Universal Time),Thu Aug 14 2025 12:55:44 GMT+0000 (Coordinated Universal Time),Thu Aug 14 2025 13:09:23 GMT+0000 (Coordinated Universal Time),true,Executive,first-source-electric,"<p id="""">""We have a much more targeted website, and we are starting to get leads from our website. The Magnet web design agency is agile, flexible, positive attitude, and provide guidance every step of the way.""</p>","""We have a much more targeted website, and we are starting to get leads from our website. The Magnet web design agency is agile, flexible, positive attitude, and provide guidance every step of the way.""","<p id="""">BACKGROUND</p><p id=""""><strong id="""">Please describe your company and your position there.</strong></p><p id="""">I am an executive and we manufacturer automated subsystems for the material handling industry and control systems for the military/defense and rail industries.</p><p id="""">OPPORTUNITY / CHALLENGE</p><p id=""""><strong id="""">For what projects/services did your company hire Magnet Co?</strong></p><p id="""">We hired Magnet for developing our sales and marketing pitch (presentation to clients). We also utilized their services to update our website and help us with SEO and content writing.</p><p id="""">SOLUTION</p><p id=""""><strong id="""">How did you select this vendor and what were the deciding factors?</strong></p><p id="""">They were flexible, easy to work with, and responsibe.</p><p id=""""><strong id="""">Describe the project in detail and walk through the stages of the project.</strong></p><p id="""">We worked with Sarah who took the time to understand our needs, took very good notes and came back next meeting with a list of recommendations. We worked together iteratively, both synchronized and asynchronized to optimize various areas of our marketing content.</p><p id=""""><strong id="""">How many resources from the vendor's team worked with you, and what were their positions?</strong></p><p id="""">Sarah and Ben worked with us for marketing content, web development, and content writing.</p><p id="""">RESULTS &amp; FEEDBACK</p><p id=""""><strong id="""">Can you share any outcomes from the project that demonstrate progress or success?</strong></p><p id="""">We are ranking higher on google. We have a much more targeted website, and we are starting to get leads from our website.</p><p id=""""><strong id="""">How effective was the workflow between your team and theirs?</strong></p><p id="""">Effective, we were synchronized through teams and were able to get on quick calls, solve problems, move forward.</p><p id=""""><strong id="""">What did you find most impressive or unique about this company?</strong></p><p id="""">They are agile, flexible, positive attitude, and provide guidance every step of the way.</p>",
Monica Prather,monica-prather,65c582990a5cea88721bd1d8,692b1c7d66b7c7edf804b525,false,false,Sat Nov 29 2025 16:17:01 GMT+0000 (Coordinated Universal Time),Sat Nov 29 2025 16:18:27 GMT+0000 (Coordinated Universal Time),Sat Nov 29 2025 16:26:54 GMT+0000 (Coordinated Universal Time),true,Marketing Director,bsi-engineering,"<p>We couldn’t be more thrilled with the work Magnet did on our new website! From the initial consultation to the final launch, their team was professional, creative, and incredibly responsive. They took the time to understand our brand, goals, and audience, translating our vision into a stunning, user-friendly website.</p>","""We couldn’t be more thrilled with the work Magnet did on our new website! From the initial consultation to the final launch, their team was professional, creative, and incredibly responsive. They took the time to understand our brand, goals, and audience, translating our vision into a stunning, user-friendly website.""","<p id="""">""We couldn’t be more thrilled with the work Magnet did on our new website! From the initial consultation to the final launch, their team was professional, creative, and incredibly responsive. They took the time to understand our brand, goals, and audience, translating our vision into a stunning, user-friendly website.""</p>",
Rich Tajer,rich-taker,65c582990a5cea88721bd1d8,65c582990a5cea88721bd276,false,false,Sat Feb 18 2023 13:06:21 GMT+0000 (Coordinated Universal Time),Thu Aug 14 2025 12:55:51 GMT+0000 (Coordinated Universal Time),Thu Aug 14 2025 13:09:23 GMT+0000 (Coordinated Universal Time),true,CCO & President,commercial-vehicle-group,"<p id="""">""Magnet is a highly strategic web design agency and anticipate where we need to go instead of just executing the tasks we request.""</p>","""Magnet is a highly strategic web design agency and anticipate where we need to go instead of just executing the tasks we request.""","<p id="""">BACKGROUND</p><p id=""""><strong id="""">Introduce your business and what you do there.</strong></p><p id="""">I'm the CCO of our enterprise and the president of the company's electrical group. &nbsp;</p><p id="""">OPPORTUNITY / CHALLENGE</p><p id=""""><strong id="""">What challenge were you trying to address with Magnet Co?</strong></p><p id="""">We needed help with various services, including website development, marketing, and PR. I wanted to bring on a leader inside the company and use Magnet Co to help me with intellectual property and drive our marketing activities. </p><p id="""">SOLUTION</p><p id=""""><strong id="""">What was the scope of their involvement?</strong></p><p id="""">Our partnership with Magnet Co started with me describing each marketing element we needed help with. From there, we put together a scope of work to execute, which Magnet Co is now executing. Magnet Co has created artwork that we featured on our website. They've also created materials for our PR activities, including press releases and investor decks — they've created proxy and ESG decks. To help ensure our press releases are touching the right areas of the marketplace, Magnet Co provides SEO services — we've worked closely with them on keyword research. They also offer PPC services on LinkedIn and Google. </p><p id="""">We also use Magnet Co's social media marketing services to reach the US and Mexico. They've become the lead for our communication on our company's LinkedIn profile — they create visual and written content. </p><p id=""""><strong id="""">What is the team composition?</strong></p><p id="""">I've worked with 2–3 teammates from Magnet Co, and Sarah (Owner &amp; Strategic Director) is my primary contact. </p><p id=""""><strong id="""">How did you come to work with Magnet Co?</strong></p><p id="""">I found them through LinkedIn; they were very persistent after connecting with us on that platform. So, I decided to give them a test drive. </p><p id=""""><strong id="""">What is the status of this engagement?</strong></p><p id="""">We started working together in August 2020, and our engagement is ongoing.</p><p id="""">RESULTS &amp; FEEDBACK</p><p id=""""><strong id="""">What evidence can you share that demonstrates the impact of the engagement? </strong></p><p id="""">I can't share a lot of metrics because it's proprietary information, but our LinkedIn activity is much higher than before. Also, our SEO has improved — we're getting more views and customer follow-ups to address. We can see how certain activities act when they hit the market and measure social media engagement; our social media presence has increased. </p><p id=""""><strong id="""">How did Magnet Co perform from a project management standpoint?</strong></p><p id="""">Magnet Co has excellent project management through Jira and a Google program. They provide regular SEO reports, and we have weekly touchpoints through Zoom. Outside of that, we typically exchange phone calls. We have multiple channels interacting with Sarah, and she's done a fantastic job managing the chaos when multiple requests are submitted. </p><p id=""""><strong id="""">What did you find most impressive about them?</strong></p><p id="""">Magnet Co's creativity and understanding of our target market are excellent. They're very forward-thinking about how something we put out will land. Magnet Co's team is very easy to work with — they're professional and anticipate where we need to go instead of just executing the tasks we request. </p><p id=""""><strong id="""">Are there any areas they could improve?</strong></p><p id="""">I have nothing for Magnet Co to improve — they're outstanding. </p><p id=""""><strong id="""">Do you have any advice for potential customers?</strong></p><p id="""">I'd suggest that customers be involved with Magnet Co upfront and have a very informal discussion about what they want to accomplish. Magnet Co's team is great at scoping out a project and outlining what it takes to reach success. </p><p>‍</p>",
Ruben Mussafi,ruben-mussafi,65c582990a5cea88721bd1d8,65c582990a5cea88721bd284,false,false,Tue Feb 14 2023 17:47:38 GMT+0000 (Coordinated Universal Time),Thu Aug 14 2025 13:15:33 GMT+0000 (Coordinated Universal Time),Thu Aug 14 2025 13:15:55 GMT+0000 (Coordinated Universal Time),true,Owner,process-quickly,"<p id="""">""Magnet has been a great partner in building a web based app and understands fully what goes into making a high quality website. As a strategic web agency they have a good sense of both the logistical and creative requirements of executing on an idea. I highly recommend Gavin and his team.""</p>","""Magnet has been a great partner in building a web based app and understands fully what goes into making a high quality website. As a strategic web agency they have a good sense of both the logistical and creative requirements of executing on an idea. I highly recommend Gavin and his team.""",,https://cdn.prod.website-files.com/6392268cd1a3bc5df594bfa5/641366ce689c8be66769adf4_ruben.jpg
Sachi Bhati,sachi-bhati,65c582990a5cea88721bd1d8,65c582990a5cea88721bd279,false,false,Tue Feb 14 2023 17:48:27 GMT+0000 (Coordinated Universal Time),Thu Aug 14 2025 12:55:57 GMT+0000 (Coordinated Universal Time),Thu Aug 14 2025 13:09:23 GMT+0000 (Coordinated Universal Time),true,Marketing Director,serene-suites,"<p id="""">""The team at Magnet is extremely helpful! They created a new website for our company that we've received high praise for its accessibility and aesthetic. Thanks to their expertise, our vision was able to be executed perfectly!""</p>","""The team at Magnet is extremely helpful! They created a new website for our company that we've received high praise for its accessibility and aesthetic. Thanks to their expertise, our vision was able to be executed perfectly!""",,
Sean Fitzgerald,sean-fitzgerald,65c582990a5cea88721bd1d8,65c582990a5cea88721bd278,false,false,Tue Feb 14 2023 17:49:58 GMT+0000 (Coordinated Universal Time),Thu Aug 14 2025 12:56:04 GMT+0000 (Coordinated Universal Time),Thu Aug 14 2025 13:09:23 GMT+0000 (Coordinated Universal Time),true,Owner,trublue-house-care,"<p id="""">""Magnet's ability to merge their digital expertise with a content strategy has led to a high performing website. Very pleased with the results of our site launch and highly recommend them as a web design agency.""</p>","""Magnet's ability to merge their digital expertise with a content strategy has led to a high performing website. Very pleased with the results of our site launch and highly recommend them as a web design agency.""",,
Sylvia Duprat,sylvia-duprat,65c582990a5cea88721bd1d8,65c582990a5cea88721bd283,false,false,Tue Feb 14 2023 17:49:26 GMT+0000 (Coordinated Universal Time),Wed May 10 2023 15:20:15 GMT+0000 (Coordinated Universal Time),Tue May 13 2025 13:18:25 GMT+0000 (Coordinated Universal Time),false,Owner,nenas-pastry-bar,"<p id="""">""Building a website is a big task! Every detail matters and many changes happen along the way. Magnet Co has been fantastic in the mission; their hard work and professionalism has been exceptional.""</p>","""Building a website is a big task! Every detail matters and many changes happen along the way. Magnet Co has been fantastic in the mission; their hard work and professionalism has been exceptional.""",,
Todd Schoen,todd-schoen,65c582990a5cea88721bd1d8,65c582990a5cea88721bd27d,false,false,Tue Feb 14 2023 17:56:46 GMT+0000 (Coordinated Universal Time),Thu Aug 14 2025 12:56:10 GMT+0000 (Coordinated Universal Time),Thu Aug 14 2025 13:09:23 GMT+0000 (Coordinated Universal Time),true,Marketing Director,cox,"<p id="""">""Magnet are a pleasure to work with - providing guidance and recommendations of many of our client projects. Magnet offer easy solutions to problems and bring a great deal of web design agency experience to the table.""</p>","""Magnet are a pleasure to work with - providing guidance and recommendations of many of our client projects. Magnet offer easy solutions to problems and bring a great deal of web design agency experience to the table.""","<p id="""">BACKGROUND</p><p id=""""><strong id="""">Please describe your company and your position there.</strong></p><p id="""">Schoen Media Group consults with clients on content distribution, including Cox, DirecTV, Suddenlink,&nbsp;Ovation, NCTC&nbsp;and more.</p><p id="""">OPPORTUNITY / CHALLENGE</p><p id=""""><strong id="""">For what projects/services did your company hire Magnet Co?</strong></p><p id="""">We hired Magnet Co for support developing many sites - one for contract disputes and several for the launch of new products for Cox and our other TV&nbsp;and network clients.</p><p id=""""><strong id="""">What were your goals for this project?</strong></p><p id="""">Educate customers about contract disputes to calm them down and keep them as satisfied customers.</p><p id="""">SOLUTION</p><p id=""""><strong id="""">How did you select this vendor?</strong></p><p id="""">We worked with Gavin before and were very happy with his work as well as skills working with clients.</p><p id=""""><strong id="""">Describe the project and the services they provided in detail.</strong></p><p id="""">Website to educate customers on issues around public disputes with networks. Gavin provided us direction on site design and functionality.</p><p id=""""><strong id="""">What was the team composition?</strong></p><p id="""">My client, 2 members of my team and Gavin/MagnetCo</p><p id="""">RESULTS &amp; FEEDBACK</p><p id=""""><strong id="""">Can you share any information that demonstrates the impact that this project has had on your business?</strong></p><p id="""">We had a very satisfied customer who in term had sizable traffic to the site which minimized calls to their call centers and retained customers.</p><p id=""""><strong id="""">How was project management arranged and how effective was it?</strong></p><p id="""">We identified a point person on my team, my clients team and we worked closely with MagnetCo to provide needs which they in turn</p><p id=""""><strong id="""">What did you find most impressive about this company?</strong></p><p id="""">They were always able to provide solutions to our needs and problems.</p><p id="""">‍</p>",
